publishedAt,description,content,sector
2025-02-03T19:27:30Z,"The risk of being admitted to the hospital with heart disease is twice as high the year after birth for mothers of twins compared to singleton births, according to new research. The risk is even higher in mothers of twins who had a high blood pressure conditi…","The risk of being admitted to the hospital with heart disease is twice as high the year after birth for mothers of twins compared to singleton births, according to research published in the European … [+5755 chars]",Health
2025-02-04T14:00:00Z,"Background Identification of real-time adverse drug reactions [ADRs] (as opposed to the risk of ADRs) in older poly-medicated people in primary care is a challenging task, often undertaken without an explicit strategy. This systematic review aims to evaluate …","Citation: Logan V, Hughes D, Turner A, Carter N, Jordan S (2025) Methods for identifying adverse drug reactions in primary care: A systematic review. PLoS ONE 20(2):
 e0317660.
https://doi.org/10.1… [+31593 chars]",Health
2025-01-28T14:00:00Z,"Background Medication adherence plays a crucial role in effectively managing hypertension, a significant public health concern, especially in regions like Central Vietnam. This study aimed to assess medication adherence levels among hypertensive patients in p…","Citation: Anh Hien H, Tam NM, Van Minh H, Binh Thang T, Phuoc Hoang L, Heytens S, et al. (2025) Factors influencing medication adherence among hypertensive patients in primary care settings in Centra… [+41953 chars]",Health
2025-01-27T10:41:15Z,"AbstractApproximately half of critically ill adults experience intensive care unit acquired weakness (ICUAW). Patients who develop ICUAW may have negative outcomes, including longer duration of mechanical ventilation, greater length of stay, and worse mobilit…","<ol><li>Stephanie L Hiser, assistant professor1, </li><li>Kelly Casey, rehabilitation therapy manager2, </li><li>Peter Nydahl, lecturer3, </li><li>Carol L Hodgson, professor4, </li><li>Dale M Needham… [+29564 chars]",Health
2025-01-16T14:00:00Z,"Background It is now recognized that many patients have persistent symptoms after recovery from acute COVID-19 infection, an infection caused by the coronavirus SARS-CoV-2. This constellation of symptoms known as ‘Long COVID’ may manifest with a wide range of…","Abstract
Background
It is now recognized that many patients have persistent symptoms after recovery from acute COVID-19 infection, an infection caused by the coronavirus SARS-CoV-2. This constellat… [+30741 chars]",Health
2025-01-15T23:10:00Z,"One of the key themes I’ve tried to illustrate in my writings is that chronic illness has vastly increased over the last 150 years. A major cause of this is the disruption of the natural rhythms essential for our body’s self-regulation and self-repair, often …",One of the key themes Ive tried to illustrate in my writings is that chronic illness has vastly increased over the last 150 years. A major cause of this is the disruption of the natural rhythms essen… [+12231 chars],Health
2025-01-23T19:03:45Z,"It's been about five years since the first case of COVID-19 was confirmed in Australia. This is what Australia living through ""unprecedented times"" looks like in numbers.","Tomorrow marks five years since the first case of COVID-19 was confirmed in Australia.
The country was in the midst of the catastrophic Black Summer bushfires. 
So, reports about a mystery virus sp… [+25063 chars]",Health
2025-01-24T20:45:00Z,"New York, NY, Jan. 24, 2025 (GLOBE NEWSWIRE) -- Leaders of Mount Sinai International and the Mount Sinai Health System in New York will present at the annual Arab Health Conference and Global Medical Expo at the World Trade Center in Dubai, UAE on January 27-…","New York, NY, Jan. 24, 2025 (GLOBE NEWSWIRE) -- Leaders of Mount Sinai International and the Mount Sinai Health System in New York will present at the annual Arab Health Conference and Global Medical… [+5209 chars]",Health
2025-01-24T20:49:42Z,"New York, NY, Jan. 24, 2025 (GLOBE NEWSWIRE) — Leaders of Mount Sinai International and the Mount Sinai Health System in New York will present at the annual Arab Health Conference and Global Medical Expo at the World Trade Center in Dubai, UAE on January 27-3…","Author of the article:
Article content
New York, NY, Jan. 24, 2025 (GLOBE NEWSWIRE) Leaders of Mount Sinai International and the Mount Sinai Health System in New York will present at the annual Ara… [+8044 chars]",Health
2025-01-24T14:00:00Z,Objective This study aimed to investigate long-acting reversible and permanent contraceptives (LARPCs) utilization and its associated factors among married women who desire no more children in Ethiopia.   Methods Secondary datasets from the 2016 Ethiopian Dem…,"Abstract
Objective
This study aimed to investigate long-acting reversible and permanent contraceptives (LARPCs) utilization and its associated factors among married women who desire no more childre… [+42416 chars]",Health
2025-01-24T14:00:00Z,"Previous research indicates that the COVID-19 pandemic catalyzed alterations in behaviors that may impact exposures to environmental endocrine-disrupting chemicals. This includes changes in the use of chemicals found in consumer products, food packaging, and …","Abstract
Previous research indicates that the COVID-19 pandemic catalyzed alterations in behaviors that may impact exposures to environmental endocrine-disrupting chemicals. This includes changes in… [+42831 chars]",Health
2025-02-06T16:20:41Z,"The 1953 paper in Nature by Watson and Crick positing a structure for DNA is about one page long, while the Wilkins et al. and Franklin and Gosling papers in the same issue are about two pages each. Altogether, these five pages resulted in three Nobel Prizes …","The 1953 paper in Nature by Watson and Crick positing a structure for DNA is about one page long, while the Wilkins et al. and Franklin and Gosling papers in the same issue are about two pages each. … [+19746 chars]",Health
2025-01-24T13:10:00Z,The Specialty PACS Market growth is fueled by increased adoption of advanced imaging technologies and healthcare digitalization The Specialty PACS Market growth is fueled by increased adoption of advanced imaging technologies and healthcare digitalization,"Pune, Jan. 24, 2025 (GLOBE NEWSWIRE) -- Specialty PACS Market Size &amp; Growth Analysis:
According to SNS Insider, The Specialty PACS Market size was valued at USD 3.21 billion in 2023 and is proje… [+10664 chars]",Health
2025-01-21T16:00:00Z,The healthcare Internet of Things (IoT) industry in North America led the worldwide market and is expected to continue in this manner over the projected period. This expansion may be attributed to reasons such as the increasing acceptance of healthcare IT sol…,"NEWARK, Del, Jan. 21, 2025 (GLOBE NEWSWIRE) -- The global IoT in healthcare market is poised for unprecedented growth, with market valuation expected to reach USD 243.40 billion in 2025. This robust … [+19411 chars]",Health
2025-01-28T13:30:00Z,THIS NEWS RELEASE IS NOT FOR DISTRIBUTION TO U.S. NEWSWIRE SERVICES FOR DISSEMINATION IN THE UNITED STATES THIS NEWS RELEASE IS NOT FOR DISTRIBUTION TO U.S. NEWSWIRE SERVICES FOR DISSEMINATION IN THE UNITED STATES,"<ul><li>Strategic Expansion with Proposed Acquisition of Alea Health Holdings Limited, a UAE based AI company</li><li>Proprietary Voice Agent using Conversational AI for onboarding and triaging patie… [+13933 chars]",Health
2025-01-28T08:04:18Z,"THIS NEWS RELEASE IS NOT FOR DISTRIBUTION TO U.S. NEWSWIRE SERVICES FOR DISSEMINATION IN THE UNITED STATES Strategic Expansion with Proposed Acquisition of Alea Health Holdings Limited, a UAE based AI company‏ Proprietary Voice Agent using Conversational AI f…","Author of the article:
Article content
THIS NEWS RELEASE IS NOT FOR DISTRIBUTION TO U.S. NEWSWIRE SERVICES FOR DISSEMINATION IN THE UNITED STATES
<ul><li>Strategic Expansion with Proposed Acquisit… [+17457 chars]",Health
2025-01-28T13:33:55Z,"THIS NEWS RELEASE IS NOT FOR DISTRIBUTION TO U.S. NEWSWIRE SERVICES FOR DISSEMINATION IN THE UNITED STATES Strategic Expansion with Proposed Acquisition of Alea Health Holdings Limited, a UAE based AI company‏ Proprietary Voice Agent using Conversational AI f…","Author of the article:
Article content
THIS NEWS RELEASE IS NOT FOR DISTRIBUTION TO U.S. NEWSWIRE SERVICES FOR DISSEMINATION IN THE UNITED STATES
<ul><li>Strategic Expansion with Proposed Acquisit… [+17457 chars]",Health
2025-01-28T08:00:00Z,THIS NEWS RELEASE IS NOT FOR DISTRIBUTION TO U.S. NEWSWIRE SERVICES FOR DISSEMINATION IN THE UNITED STATES THIS NEWS RELEASE IS NOT FOR DISTRIBUTION TO U.S. NEWSWIRE SERVICES FOR DISSEMINATION IN THE UNITED STATES,"<ul><li>Strategic Expansion with Proposed Acquisition of Alea Health Holdings Limited, a UAE based AI company</li><li>Proprietary Voice Agent using Conversational AI for onboarding and triaging patie… [+13933 chars]",Health
2025-01-31T09:00:00Z,"[220+ Pages Latest Report] According to a market research study published by Custom Market Insights, the demand analysis of Global Cosmetic Surgery Market size & share revenue was valued at approximately USD 67.2 Billion in 2023 and is expected to reach USD 7…","Austin, TX, USA, Jan. 31, 2025 (GLOBE NEWSWIRE) -- Custom Market Insights has published a new research report titled Cosmetic Surgery Market Size, Trends and Insights By Procedure (Surgical Procedure… [+23316 chars]",Health
2025-01-15T17:35:07Z,"Palestinian and Israeli Photographers Share 2024 UNICEF Photo of the Year Award
For the last 25 years, the German National Committee for UNICEF has handed out the UNICEF Photo of the Year award to outstanding photos depicting the personalities and living cond…","UNICEF Photo of the Year Winners (Left: Avishag Shaar-Yashuv (Israel), for The New York Times | Right: Samar Abu Elouf (Palestine), for The New York Times)
For the last 25 years, the German National… [+15855 chars]",Health
2025-01-30T14:24:00Z,"In the coming years, senolytic drugs are anticipated to get major traction as research discovers their potential to target age-related diseases and enhance healthspan. With growing investments in biotechnology and vast interest in personalized medicine, these…","New York, Jan. 30, 2025 (GLOBE NEWSWIRE) -- Overview:
The Senolytic Drugs Market size is expected to reach USD 42.5 million by 2024 and is further anticipated to reach USD 667.6 million by 2033 acco… [+14390 chars]",Health
2025-02-12T10:57:00Z,"Dublin, Feb. 12, 2025 (GLOBE NEWSWIRE) -- The ""Genomic Data Analysis and Interpretation Market Opportunities and Strategies to 2033"" report has been added to ResearchAndMarkets.com's offering.This report describes and explains the genomic data analysis and in…","Dublin, Feb. 12, 2025 (GLOBE NEWSWIRE) -- The ""Genomic Data Analysis and Interpretation Market Opportunities and Strategies to 2033"" report has been added to ResearchAndMarkets.com's offering.
This … [+11197 chars]",Health
2025-02-07T15:18:00Z,"Rise in prevalence of acute and chronic disorders, increase in the geriatric population, and increase in initiatives for awareness and education for use of suppositories drive the growth of the pharmaceutical suppositories market. Rise in prevalence of acute …","Wilmington, Delaware , Feb. 07, 2025 (GLOBE NEWSWIRE) -- Allied Market Research published a report, titled, ""Pharmaceutical Suppositories Market by Type (Rectal Suppositories, Vaginal Suppositories),… [+15831 chars]",Health
2025-01-28T14:34:00Z,"The neurorehabilitation devices market is expected to grow from US$ 2.73 billion in 2023, with CAGR of 12.7% during 2023–2031, Key advancements include AI, robotic rehabilitation, and brain-computer interfaces, with North America leading the market. The neuro…","US &amp; Canada, Jan. 28, 2025 (GLOBE NEWSWIRE) -- According to a comprehensive report from The Insight Partners, Neurorehabilitation Devices Market Size and Forecast (2021 - 2031), Global and Region… [+8986 chars]",Health
2025-01-16T07:27:32Z,Background Traumatic brain injury (TBI) is associated with an increased risk of major depressive disorder (MDD) and post-traumatic stress disorder (PTSD). We aimed to identify predictors and develop models for the prediction of depression and PTSD symptoms at…,"Collaborators CENTER-TBI Participants and Investigators: Cecilia Åkerlund (Department of Physiology and Pharmacology, Section of Perioperative Medicine and Intensive Care, Karolinska Institutet, Stoc… [+30294 chars]",Health
2025-01-22T05:00:00Z,"Potosi and Lone Star Virus Infections, United States",Disclaimer: Early release articles are not considered as final versions. Any changes will be reflected in the online version in the month the article is officially released.Viruses in the class Bunya… [+19690 chars],Health
2025-01-20T14:55:00Z,"Advancements and Projections in the Global Pain Management Therapeutics Market: Insights, Trends, Opportunities, and Recent Developments Advancements and Projections in the Global Pain Management Therapeutics Market: Insights, Trends, Opportunities, and Recen…","New York, Jan. 20, 2025 (GLOBE NEWSWIRE) -- Overview
The Global Pain Management Therapeutics Market is projected to reach USD 85.2 billion in 2024 which is further anticipated to reach USD 120.7 bil… [+14855 chars]",Health
2025-02-04T14:00:00Z,"Burnout among critical care physicians is an important issue that affects patient care and staff well-being. This study, conducted by the Korean Society of Critical Care Medicine, aimed to investigate the prevalence and associated factors of burnout among int…","Citation: Lee SI, Kim W-Y, Kim Dk, Suh GY, Kim J, Kim HY, et al. (2025) Burnout among intensivists and critical care fellows in South Korea: Current status and associated factors. PLoS ONE 20(2):
 e… [+25698 chars]",Health
2025-01-21T01:09:27Z,Objectives This study aimed to dissect the aetiological subgroups of postpartum haemorrhage (PPH) that occur after vaginal delivery in women with full-term singleton pregnancies. Our goal was to craft and validate predictive models to guide clinical decision-…,"Background
Postpartum haemorrhage (PPH) is defined as blood loss exceeding 500 mL within 24 hours following vaginal delivery or exceeding 1000 mL within 24 hours following caesarean delivery.1 PPH i… [+13927 chars]",Health
2025-01-16T07:32:26Z,"Objective To map what is currently known about knowledge translation (KT) in Anglo-American paramedicine. The review focuses on reported barriers and facilitators to the implementation of new knowledge, and the use of models, theories and frameworks to guide …","Background
It is well documented that much of the evidence generated in healthcare is not effectively used in practice (known as the know-do gap).1 Knowledge translation (KT) aims to reduce this res… [+11315 chars]",Health
2025-01-16T07:32:26Z,"Objectives As more emphasis is placed on the acquisition of competencies in medical education, portfolios are increasingly being used for evaluation. EPOC2 (E-POrtfolio of Clinical training) is an e-portfolio system developed in Japan and is used by about 800…","STRENGTHS AND LIMITATIONS OF THIS STUDY
<ul><li>The strength of this study is that it uses a scale with high validity, measured as recommended by the Ministry of Health, Labour and Welfare guideline… [+22542 chars]",Health
2025-01-14T15:10:00Z,"The global eye infections treatment industry survey provides detailed analysis of the market across regions such as North America, Latin America, Europe, East Asia, South Asia & Pacific, and the Middle East & Africa (MEA). The global eye infections treatment …","NEWARK, Del, Jan. 14, 2025 (GLOBE NEWSWIRE) -- The eye infections treatment market is poised for significant growth, with a projected market size of USD 8,125.2 million in 2025, expanding to USD 11,8… [+29435 chars]",Health
2025-01-27T15:49:27Z,"Objectives This study aimed to assess the knowledge, attitudes and practices (KAP) of intensive care unit (ICU) physicians in China towards acute respiratory distress syndrome (ARDS).

Design A cross-sectional study was conducted between September and Novembe…","Introduction
Acute respiratory distress syndrome (ARDS) is a life-threatening inflammatory lung injury characterised by poor oxygenation, pulmonary infiltration and an acute onset in seriously ill p… [+12531 chars]",Health
2025-01-27T15:49:27Z,Introduction The escalating resistance of microorganisms to antimicrobials poses a significant public health threat. Strategies that use biomarkers to guide antimicrobial therapy—most notably Procalcitonin (PCT) and C-reactive protein (CRP)—show promise in sa…,"Introduction
The increasing resistance of microorganisms to antimicrobials poses a significant global public health threat, with profound implications for morbidity, mortality, and healthcare costs.… [+6820 chars]",Health
2025-02-14T14:00:00Z,"Background The aim of palliative care is to improve the quality of life of patients with a life limiting illness. In Germany, nursing homes are increasingly the last residence and a common place of death for older people. This renders these institutions as pl…","Citation: Rehner L, Moon K, Hoffmann W, van den Berg N (2025) Specialised palliative care in nursing homes Retrospective analysis on the basis of claims data. PLoS ONE 20(2):
 e0319001.
https://doi… [+29447 chars]",Health
2025-02-14T14:08:34Z,,"RFK Jr. Is Sworn In To Lead HHS Amid A Backdrop Of Budget, Staff Cuts
Health secretary Robert F. Kennedy Jr. was also tapped to lead President Donald Trump's Make America Healthy Again Commission. K… [+12892 chars]",Health
2025-01-27T14:00:00Z,"Introduction Self-harm represents a complex and multifaceted public health issue of global significance, exerting profound effects on individuals and communities alike. It involves intentional self-poisoning or self-injury with or without the motivation to di…","Abstract
Introduction
Self-harm represents a complex and multifaceted public health issue of global significance, exerting profound effects on individuals and communities alike. It involves intenti… [+26951 chars]",Health
2025-02-11T14:00:00Z,"Background Preterm infants (i.e., those born before 37 completed weeks of pregnancy) often require additional care and are admitted to neonatal units soon after birth. Readiness for discharge home typically requires a level of physiological maturity such that…","Citation: Szatkowski L, Abramson J, Tao S, Seaton SE, Dorling J, Arellano-Meza M, et al. (2025) Facilitating safe transition to home for preterm infants (FAST home): Protocol for a retrospective obse… [+21392 chars]",Health
2025-02-10T14:00:00Z,"Background Pay-for-performance (P4P) incentives can be paid as a bonus (gain) or a penalty (loss). Diminishing marginal utility of wealth suggests that, starting from the same initial wealth, individuals dislike losses more than they like equivalent gains.   …","Abstract
Background
Pay-for-performance (P4P) incentives can be paid as a bonus (gain) or a penalty (loss). Diminishing marginal utility of wealth suggests that, starting from the same initial weal… [+28148 chars]",Health
2025-01-17T14:00:00Z,We aimed to determine whether emergency department (ED) overcrowding affects the occurrence of in-hospital cardiac arrest (IHCA) requiring resuscitation in the ED. This retrospective study was conducted in the ED of a single hospital. We applied the propensit…,"Abstract
We aimed to determine whether emergency department (ED) overcrowding affects the occurrence of in-hospital cardiac arrest (IHCA) requiring resuscitation in the ED. This retrospective study … [+29990 chars]",Health
2025-02-10T14:00:00Z,"Introduction Sepsis associated thrombocytopenia (SAT) is a common complication of sepsis. We designed this study to investigate factors influencing SAT.   Methods Patients with sepsis (2984 in Peking union medical college hospital [PUMCH] database, 13165 in e…","Abstract
Introduction
Sepsis associated thrombocytopenia (SAT) is a common complication of sepsis. We designed this study to investigate factors influencing SAT.
Methods
Patients with sepsis (298… [+32038 chars]",Health
2025-01-23T14:00:00Z,"Background Hospital Frailty Risk Score (HFRS) has recently been used to predict adverse health outcomes including length of stay (LOS) in hospital. LOS is an important indicator for patient quality of care, the measurement of hospital performance, efficiency …","Abstract
Background
Hospital Frailty Risk Score (HFRS) has recently been used to predict adverse health outcomes including length of stay (LOS) in hospital. LOS is an important indicator for patien… [+32353 chars]",Health
2025-02-05T14:00:00Z,"Enteritis necroticans (EN) in humans caused by infection with Clostridium perfringens type C, once thought limited to the highlands of Papua New Guinea has been identified sporadically worldwide. Outbreaks still occur among children in low-income countries an…","Introduction
Enteritis necroticans (EN) was once endemic in the Highlands of Papua New Guinea (PNG), where it was called pigbel because of the typical abdominal presentation of the disease and its a… [+33658 chars]",Health
2025-02-03T14:00:00Z,"Background and aim Artificial intelligence (AI)-powered chatbots, such as Chat Generative Pretrained Transformer (ChatGPT), have shown promising results in healthcare settings. These tools can help patients obtain real-time responses to queries, ensuring imme…","Abstract
Background and aim
Artificial intelligence (AI)-powered chatbots, such as Chat Generative Pretrained Transformer (ChatGPT), have shown promising results in healthcare settings. These tools… [+22404 chars]",Health
2025-01-27T14:00:00Z,Perinatal mental health disorders are a significant contributor to morbidity and mortality in childbearing women. The World Health Organization recommends all women be screened for mental health disorders postnatally and have diagnostic and management service…,"Abstract
Perinatal mental health disorders are a significant contributor to morbidity and mortality in childbearing women. The World Health Organization recommends all women be screened for mental h… [+28366 chars]",Health
2025-02-07T06:21:26Z,"Posted by RISKS List Owner on Feb 06RISKS-LIST: Risks-Forum Digest Thursday 6 Jan 2025 Volume 34 : Issue 54

ACM FORUM ON RISKS TO THE PUBLIC IN COMPUTERS AND RELATED SYSTEMS (comp.risks)
Peter G. Neumann, founder and still moderator

***** See last item for …","From: RISKS List Owner &lt;risko () csl sri com&gt;Date: Thu, 6 Feb 2025 22:04:55 PST
RISKS-LIST: Risks-Forum Digest Thursday 6 Jan 2025 Volume 34 : Issue 54
ACM FORUM ON RISKS TO THE PUBLIC IN COM… [+39326 chars]",Health
2025-01-14T14:00:00Z,"Background Hyperbaric oxygen therapy (HBOT) is well established as a treatment for various medical conditions. However, it poses a risk of oxygen toxicity, which can cause seizures particularly in individuals with pre-existing seizure disorders. Consequently,…","Citation: Park S, Marinov A, Clarke H, Schiavo S, Greer E, Djaiani G, et al. (2025) Safety of hyperbaric oxygen therapy in non-emergent patients with a history of seizures: A retrospective cohort stu… [+20632 chars]",Health
2025-01-31T14:00:00Z,Introduction Neural tube defects (NTDs) are serious congenital anomalies of the central nervous system caused by disruptions in early embryonic development. The prevalence is about twice as common in low- and middle-income countries and more prevalent in sub-…,"Abstract
Introduction
Neural tube defects (NTDs) are serious congenital anomalies of the central nervous system caused by disruptions in early embryonic development. The prevalence is about twice a… [+50668 chars]",Health
2025-02-13T14:00:00Z,"Aims To describe the main characteristics of patients recently diagnosed with DM regarding cardiovascular risk factors and diabetes-related complications, compare possible differences according to sex and age group, and examine healthy lifestyle behaviors suc…","Abstract
Aims
To describe the main characteristics of patients recently diagnosed with DM regarding cardiovascular risk factors and diabetes-related complications, compare possible differences acco… [+51662 chars]",Health
2025-01-22T14:00:00Z,"Author summary Early treatment with antibiotics can shorten the course of scrub typhus, reduce mortality, and accelerate recovery, making the rapid diagnosis of O. tsutsugamushi infection critically important. In this study, we developed a CRISPR-Cas12a-based…","Abstract
Scrub typhus is caused by Orientia tsutsugamushi infection and occurs frequently in an area called the Tsutsugamushi Triangle. Currently, there is no vaccine for O. tsutsugamushi, and its i… [+44187 chars]",Health
2025-02-13T14:00:00Z,"Background Infertility affects one in six people globally, with similar prevalence rates across high-income and low- and middle-income countries. Technological advancements, particularly in Assisted Reproductive Technology (ART), have improved fertility treat…","Citation: Njagi P, Groot W, Arsenijevic J, Mburu G, Chambers G, Calhaz-Jorge C, et al. (2025) Financial cost of assisted reproductive technology for patients in high-income countries: A systematic re… [+22772 chars]",Health
2025-01-24T14:00:00Z,"Background With the increasing availability and use of digital tools such as virtual reality in medical education, there is a need to evaluate their impact on clinical performance and decision-making among healthcare professionals. The Trauma SimVR study is i…","Citation: Lintschinger JM, Metelka P, Kapral L, Kahlfuss F, Reischmann L, Kaider A, et al. (2025) Enhancing trauma cardiopulmonary resuscitation simulation training with the use of virtual reality (T… [+31864 chars]",Health
2025-01-14T14:00:00Z,Objective Blood urea nitrogen (BUN) is a commonly used biomarker for assessing kidney function and neuroendocrine activity. Previous studies have indicated that elevated BUN levels are associated with increased mortality in various critically ill patient popu…,"Citation: Deng T, Wu D, Liu S-s, Chen X-l, Zhao Z-w, Zhang L-l (2025) Association of blood urea nitrogen with 28-day mortality in critically ill patients: A multi-center retrospective study based on … [+20082 chars]",Health
2025-02-13T14:00:00Z,"Background Treatment for breast cancer poses major challenges and leads to a variety of side-effects and problems that affect life for a long time. Experiences and symptoms vary, and research indicates a lack of structures for ensuring individualized rehabili…","Abstract
Background
Treatment for breast cancer poses major challenges and leads to a variety of side-effects and problems that affect life for a long time. Experiences and symptoms vary, and resea… [+63923 chars]",Health
2025-01-17T14:00:00Z,"Background Shenfu injection (SFI), derived from a traditional Chinese medicine (TCM) prescription, is an effective drug for the treatment of sepsis-induced myocardial injury (SIMI) with good efficacy, but its exact therapeutic mechanism remains unclear.   Met…","Citation: Yuan H-j, Xiang G-h, Liu Y, Li Y, Liu W-l, Wei J-x, et al. (2025) Exploration and verification of the therapeutic mechanism of shenfu injection in sepsis-induced myocardial injury. PLoS ONE… [+28701 chars]",Health
2025-02-06T14:00:00Z,Background Hearing impairment and neurodevelopmental disorders pose a significant global health burden in children. The link between postnatal cytomegalovirus (CMV) infection and these outcomes remains unclear. This study explored the association of postnatal…,"Citation: Okalany NRA, Mukunya D, Olupot-Olupot P, Chebet M, Okello F, Weeks AD, et al. (2025) Postnatal cytomegalovirus infection and its effect on hearing and neurodevelopmental outcomes among infa… [+28843 chars]",Health
2025-01-29T14:00:00Z,"Author summary This study investigates the autoimmune responses in scrub typhus patients, finding significantly higher antinuclear antibodies and double-stranded deoxyribonucleic acid Immunoglobulin M titers compared to healthy controls, with these titers inc…","Abstract
Background
Scrub typhus, a disease caused by Orientia tsutsugamushi, triggers systemic vasculitis and is prevalent in Eastern and Southern Asia. This study aimed to uncover the relationshi… [+34533 chars]",Health
2025-02-14T14:00:00Z,"TFRD has been widely used in China to treat osteoporosis (OP). However, the specific molecular mechanism of TFRD against OP has not been fully clarified. Our previous studies have also proved that TFRD could attenuate OP and the clinical equivalent dose of 67…","Abstract
TFRD has been widely used in China to treat osteoporosis (OP). However, the specific molecular mechanism of TFRD against OP has not been fully clarified. Our previous studies have also prov… [+59733 chars]",Health
2025-01-24T14:00:00Z,"Author summary Schistosomiasis is a parasitic disease affecting more than 200 million people. Currently, ongoing schistosomiasis control programs are based on mass drug administration with declining prevalence in many regions. Under near-elimination settings,…","Citation: Kokubo-Tanaka M, Kildemoes AO, Chadeka EA, Cheruiyot BN, Moriyasu T, Sassa M, et al. (2025) Detection and analysis of Serpin and RP26 specific antibodies for monitoring Schistosoma haematob… [+48561 chars]",Health
2025-02-12T14:00:00Z,"Purpose Streptococcus pneumoniae (Spn) is the primary bacterial cause of lower respiratory tract infections (LRTI) globally, particularly impacting older adults and children. While Spn colonization in children is linked to LRTI, its prevalence, and consequenc…","Abstract
Purpose
Streptococcus pneumoniae (Spn) is the primary bacterial cause of lower respiratory tract infections (LRTI) globally, particularly impacting older adults and children. While Spn col… [+39754 chars]",Health
2025-01-17T14:00:00Z,"Dogs can discriminate between people infected with SARS-CoV-2 from those uninfected, although their results vary depending on the settings in which they are exposed to infected individuals or samples of urine, sweat or saliva. This variability likely depends …","Abstract
Dogs can discriminate between people infected with SARS-CoV-2 from those uninfected, although their results vary depending on the settings in which they are exposed to infected individuals … [+51264 chars]",Health
2025-02-05T14:00:00Z,Introduction One in six people of reproductive age experience infertility in their lifetime. Infertility can have significant impacts on mental health. Psychological distress is a broad term encompassing emotional suffering and mental health discomfort that c…,"Abstract
Introduction
One in six people of reproductive age experience infertility in their lifetime. Infertility can have significant impacts on mental health. Psychological distress is a broad te… [+55195 chars]",Health
2025-01-30T18:45:47Z,"Abstract
I express and support the opinion that all models that purport to calculate the mortality (infant mortality in particular) averted by vaccine programmes are invalid because they are based on inputs of vaccine efficacy and pathogen prevalence and viru…","Abstract
I express and support the opinion that all models that purport to calculate the mortality (infant mortality in particular) averted by vaccine programmes are invalid because they are based o… [+93259 chars]",Health
2025-01-30T14:00:00Z,Psychological interventions may make a valuable contribution to recovery following a mild traumatic brain injury (mTBI) and have been advocated for in treatment consensus guidelines. Acceptance and Commitment Therapy (ACT) is a more recently developed therape…,"Abstract
Psychological interventions may make a valuable contribution to recovery following a mild traumatic brain injury (mTBI) and have been advocated for in treatment consensus guidelines. Accept… [+72179 chars]",Health
2025-01-24T14:00:00Z,"Objective What we hear may influence postural control, particularly in people with vestibular hypofunction. Would hearing a moving subway destabilize people similarly to seeing the train move? We investigated how people with unilateral vestibular hypofunction…","Abstract
Objective
What we hear may influence postural control, particularly in people with vestibular hypofunction. Would hearing a moving subway destabilize people similarly to seeing the train m… [+40473 chars]",Health
2025-01-21T09:00:02Z,"A look at Nvidia's role in enabling autonomous vehicles and giving the industry a ""shot in the arm,"" an analyst said.","Nvidia CEO Jensen Huang delivers a keynote address at the Consumer Electronics Show (CES) 2025, in Las Vegas, Nevada, USA, on January 6, 2025Anadolu/Anadolu via Getty Images
<ul><li>Nvidia CEO Jense… [+7465 chars]",Tech
2025-01-31T17:21:23Z,Gone in a gasp is the assumption that the United States is out ahead in the AI arms race with China.,"DeepSeek's offices in Beijing. Photo by Peter Catterall via Getty Images)
AFP via Getty Images
Earlier this week, news that a Chinese startup called DeepSeek created a workable AI competitor to Cha… [+5277 chars]",Tech
2025-01-29T09:00:00Z,Deep Seek sorgt für Wirbel in der Tech-Welt. Mit seinem Modell R1 gelang dem chinesischen Startup DeepSeek der internationale Durchbruch. Doch wer steckt hinter der Firma?,"DeepSeek-Gründer Liang Wenfeng (rechts) im chinesischen Fernsehen
(Bild: ShanghaiEye/YouTube)
Deep Seek sorgt für Wirbel in der Tech-Welt. Mit seinem Modell R1 gelang dem chinesischen Startup DeepS… [+6547 chars]",Tech
2025-02-05T04:30:00Z,Offene Fragen zum chinesischen Startup verhindern eine nüchterne Beurteilung seiner Innovation.,"Nichts schüttelte die Tech-Welt in den vergangenen Jahren so stark durch wie das Sprachmodell R1 des chinesischen Startups Deepseek. Endlich ein Open-Source-Modell, das mit den amerikanischen Branche… [+7121 chars]",Tech
2025-02-12T18:01:41Z,"Also in the Forbes CMO newsletter: Elon Musk’s personal brand takes a dive, Super Bowl sets viewership records, Fox buys podcast platform.","This is the published version of Forbes' CMO newsletter, which offers the latest news for chief marketing officers and other messaging-focused leaders. Click here to get it delivered to your inbox ev… [+14075 chars]",Tech
2025-01-27T10:38:53Z,Technology shares around the world slid on Monday as a surge in popularity of a Chinese discount artificial intelligence model shook investors' faith in the ...,LONDON (Reuters) - Technology shares around the world slid on Monday as a surge in popularity of a Chinese discount artificial intelligence model shook investors' faith in the AI sector's voracious d… [+5089 chars],Tech
2025-01-22T03:21:16Z,"중소벤처기업부는 CES 2025에서 혁신상을 수상한 기업들과 간담회를 열고, 글로벌 혁신 기술 트렌드를 공유하며 기업들의 성과를 축하했다. 한국 기업은 CES 혁신상에서 역대 최다 수상 실적을 기록했으며, 중소벤처기업이 85%를 차지했다.
The post 중기부 “한국기업 ‘CES 2025’서 151개 혁신상 수상, 중소벤처기업이 85%” appeared first on 벤처스퀘어.","( , ) 21 (GSC) CES 2025 K- .
 1 7 1 10() CES 2025 (Innovation Awards) , CES .
CES 20 K- CES 2025 50 , CES . CES 2025 CES .
 CES , 151 208 . , 1 CES 2025 458 45.4% . 131.
 ( 149) 12, 10, 127, 85% … [+9591 chars]",Tech
2025-01-15T03:11:08Z,"베슬AI는 15일, 지난 1월 7일부터 10일까지 미국 라스베이거스에서 열린 CES 2025에 참가해 AI 에이전트 기술을 선보였다고 밝혔다.
The post 베슬에이아이, ‘CES 2025’ 참가 appeared first on 벤처스퀘어.","AI(VESSL AI) 15, 1 7 10 CES 2025 AI .
 CES 2025 ‘AI ’ , AI . AI K- VESSL .
AI MLOps AI , AI . , , 30% .
 CES , AI 130 . , GPU . , (PoC) .
AI “ CES 2025 AI , ”, “ AI , AI AI ” .
https://www.ventu… [+4536 chars]",Tech
2025-02-12T17:17:11Z,A big bet on open-source technology has enabled China to rapidly scale its AI innovation while Silicon Valley remains limited by corporate structures.,"Lightspring/Shutterstock
We are in the early days of a seismic shift in the global AI industry. DeepSeek, a previously little-known Chinese artificial intelligence company, has produced a “game chan… [+32773 chars]",Tech
2025-02-01T10:00:02Z,The sudden success of the Chinese AI startup took the tech world by surprise. Newsweek explores the impact on the U.S.'s lead in the industry,"Chinese startup DeepSeek has sent shock waves through the artificial intelligence world and created a headache for the United States.
Its AI assistant overtook Western rival ChatGPT on January 27 to… [+11438 chars]",Tech
2025-02-13T09:56:00Z,"CashU, a pioneer in Brazil in the B2B credit modality based on artificial intelligence, launches its own Credit Rights Investment Fund (FIDC), with a value of R$ 100 million, to finance its operations.","CashU, a pioneer in Brazil in the B2B credit modality based on artificial intelligence, launches its own Credit Rights Investment Fund (FIDC), with a value of R$ 100 million, to finance its operation… [+4331 chars]",Tech
2025-01-27T10:40:53Z,China's DeepSeek sparks AI market rout,LONDON (Reuters) - Technology shares around the world slid on Monday as a surge in popularity of a Chinese discount artificial intelligence model shook investors' faith in the AI sector's voracious d… [+5084 chars],Tech
2025-02-05T06:01:25Z,"Total Assets Under Management (AUM) Reaches 1 Billion USD, Contributing to Sustainable Growth with a World-Class Investment Scale TOKYO — Hitachi, Ltd. (TSE: 6501, “Hitachi”) today announced the establishment of the fourth fund of the corporate venture capita…","Author of the article:
Article content
Total Assets Under Management (AUM) Reaches 1 Billion USD, Contributing to Sustainable Growth with a World-Class Investment Scale
TOKYO Hitachi, Ltd. (TSE: 6… [+11279 chars]",Tech
2025-02-07T16:39:00Z,"The global paresthesia treatment market is growing due to rising neurological disorders, tech advancements, and demand for pain management. This report offers key insights, trends, and competitive analysis. The global paresthesia treatment market is growing d…","Wilmington, Delaware, United States, Transparency Market Research Inc. , Feb. 07, 2025 (GLOBE NEWSWIRE) -- The Global Paresthesia Treatment Market is experiencing substantial growth, driven by the in… [+10117 chars]",Tech
2025-01-28T21:45:36Z,The emergence of DeepSeek is pressure-testing Zuckerberg’s strategy and threatening the home-grown AI advantage for the U.S. Read more here,"'If there should be an open-source model that everyone uses, we should want it to be an American model'
Author of the article:
DeepSeeks ascent underlines one of the AI industrys greatest debates: … [+10923 chars]",Tech
2025-02-05T10:37:01Z,"Ahead of GIM 2025, Karnataka’s Industries Minister MB Patil talks to Business Today about the state’s start-up ecosystem, investment landscape, and global investor sentiment.","Karnataka, often referred to as the land of sandalwood for its rich reserves of high-quality sandalwood and home to Indias only active gold mines, has long been an economic powerhouse. At its heart l… [+11504 chars]",Tech
2025-02-13T10:23:58Z,"ITB Berlin is setting the pace shortly before the trade show begins: with 95 per cent of the display area already booked, a record number of international exhibitors from 165 countries as well as strong growth in key travel segments, the World's Leading Trave…","ITB Berlin is setting the pace shortly before the trade show begins: with 95 per cent of the display area already booked, a record number of international exhibitors from 165 countries as well as str… [+15465 chars]",Tech
2025-01-16T06:15:00Z,A staff exchange between regulators will see US and UK financial technology experts cross the Atlantic,"Financial services regulators in the UK and New York are to share staff through a secondment programme that kicks off next month.
The New York Department of Financial Services and the Bank of Englan… [+3853 chars]",Tech
2025-01-22T18:33:00Z,"The OpenAI-Oracle-Softbank collaboration highlights the U.S.'s determination to maintain its lead AI technology. However, some question OpenAI’s lead and involvement.","The new data center-based U.S. infrastructure project for AI technology introduced by President Trump and OpenAI met with enthusiasm and criticism, including concern about the plans costs, massive co… [+5325 chars]",Tech
2025-01-28T10:04:50Z,"DeepSeek: China’s DeepsSeek AI has taken the world by storm, showing its potential to compete against AI chatbot giants like GPT. However, when DeepSeek was asked about crucial topics such as Arunachal Pradesh, Indo-Sino War, Tiananmen Square, DeepSeek's answ…",China's AI startup DeepSeek has created a buzz on the internet. DeepSeek was the most downloaded free app on Apple's US App Store over the weekend- a major milestone for any language model to achieve… [+10254 chars],Tech
2025-01-14T22:17:21Z,"The deadline for voting is Friday, February 7, at 11:45 p.m. ET.
The post Voting Is Now Open! Pick The 15 Finalists To Compete At Startup Alley At ABA TECHSHOW 2025 In April appeared first on Above the Law.","With this post, voting is now officially open! Help pick the 15 legal tech startups that will get to compete at the ninth-annual Startup Alley at ABA TECHSHOW, April 2-5, 2025. Your votes determine t… [+189906 chars]",Tech
2025-02-01T01:18:25Z,"Budget 2025 Key Highlights & Updates, Union Budget 2025 Outcomes, New Income Tax Slab Announcements: Here’s all the updates from the Union Budget presented in the Parliament by Finance Minister Nirmala Sitharaman. Find all updates in income tax rates and slab…","<li></li>
February 01, 2025 17:21Budget 2025 Live Updates: M V Rao, Chairman, Indian Banks Association (IBA) &amp; Managing Director &amp; CEO, Central Bank of India, on the Union Budget
Union Budg… [+220472 chars]",Tech
2025-02-06T13:36:03Z,"Welcome to this latest edition of Java Annotated Monthly! As we start 2025, we bring you a roundup of the latest advancements in the world of tech. Stay in the loop with a curated list of must-attend events coming up in February, so you can plan your next lea…","NewsWelcome to this latest edition of Java Annotated Monthly! As we start 2025, we bring you a roundup of the latest advancements in the world of tech. Stay in the loop with a curated list of must-at… [+10330 chars]",Tech
2025-01-20T18:00:56Z,"Contents 
1. Introduction
2. Surveillance
<ul><li>Foreign Intelligence Surveillance Act </li><li>Section 702</li><li>Facial Recognition Technology</li><li>Border Search and Immigration Surveillance</li><li>Surveillance Tech at the Border and the Virtual Wa…","Contents 
1. Introduction
2. Surveillance
2. Encryption and Cybersecurity
4. Consumer Privacy
5. Artificial Intelligence
6. Broadband
7. Section 230
8. Competition
9. Copyright
10. Computer… [+111563 chars]",Tech
2025-01-16T15:54:17Z,"Wall Street pauses Thursday, with stocks little moved in early trade. Strong bank earnings keep rolling in and Senate questions Trump's Treasury pick.","U.S. stocks dipped in early trading, taking a breather after the major stock indexes posted the largest daily percentage gain since Nov. 6 since Nov. 6 on Wednesday, amid cooling inflation and strong… [+3016 chars]",Finance
2025-02-12T01:09:22Z,"Sensex, Nifty updates: India’s benchmark indexes, Nifty 50 and BSE Sensex, fell for the sixth consecutive session, driven by trade war fears and disappointing earnings, with small-cap stocks approaching bear market territory. The Nifty 50 closed down 0.12% at…","<li></li>
February 12, 2025 16:57The live blog is now closed.
<li></li>
February 12, 2025 16:12Share market live today: HPCL, IGX to explore expanding Indias gas consumption
State-run Hindustan P… [+92713 chars]",Finance
2025-01-29T01:12:38Z,"Sensex, Nifty updates on 29 January 2025: On Wednesday, the benchmark indices Sensex and Nifty spiked nearly 1%, driven by strong performances in IT, capital goods, and industrial sectors, aligning with positive global market trends. The Sensex climbed 631.55…","<li></li>
January 29, 2025 16:32The live blog is now closed.
<li></li>
January 29, 2025 16:19Stock market live today: Indias digital transactions surge 94x in volume, led by UPI boom: RBI
Digital… [+107676 chars]",Finance
2025-01-15T01:15:14Z,"Sensex, Nifty updates on 15 January 2024: The benchmark BSE Sensex gained 0.29% to close at 76,724.08, while the broader NSE index rose 0.16% to 23,213.20, driven by energy and IT stocks. However, concerns over slowing earnings growth and caution ahead of key…","<li></li>
January 15, 2025 16:17Stock market updates: The live blog is now closed
<li></li>
January 15, 2025 16:11Currency Market updates: Rupee extends gains, settles 13 paise higher at 86.40 aga… [+83308 chars]",Finance
2025-02-14T01:21:36Z,"Sensex, Nifty updates on 14 February 2025: Indian equity indices fell for the eighth straight session on Friday. The Sensex dropped 199.76 points to 75,939.21, while the Nifty slipped 102.15 points to 22,929.25. Market breadth was weak, with 3,320 stocks decl…","<li></li>
February 14, 2025 16:33Stock market news updates: Manappuram Finance, IIFL Finance shares tumble on weak Q3 results, missing street estimates
Manappuram Finance, IIFL shares tumble 6% low… [+69269 chars]",Finance
2025-01-17T01:11:46Z,"Sensex, Nifty updates 17 January 2025: The BSE Sensex fell 423 points (0.55%) to 76,619.33, while the NSE Nifty 50 dropped 108 points (0.47%) to 23,203.20, marking weekly losses. IT stocks weighed on the indices amid concerns over December quarter earnings qu…","<li></li>
January 17, 2025 15:49Nifty today: Top gainers, losers on the NSE
WhatsApp Image 2025-01-17 at 15.37.07.jpeg
<li></li>
January 17, 2025 15:48Share market live today: Wipro announces 6 i… [+67837 chars]",Finance
2025-02-06T03:49:48Z,"RBI MPC Meeting February 2025, RBI Monetary Policy Committee (MPC) Live news & updates: The Reserve Bank of India’s new Governor, Sanjay Malhotra, is expected to announce a 25 basis points reduction in the repo rate during his inaugural Monetary Policy Commit…","<li></li>
February 07, 2025 08:39RBI Monetary Policy Live: RBI seen cutting rates for first time since May 2020
The Reserve Bank of India is widely expected to cut interest rates for the first time… [+17589 chars]",Finance
2025-01-21T14:00:00Z,"Even though the effect of oil price shocks on macroeconomics has been extensively investigated, the literature on how efficiency in household energy use affect crude oil price volatility is yet explored. This study unveils whether household energy efficiency …","Abstract
Even though the effect of oil price shocks on macroeconomics has been extensively investigated, the literature on how efficiency in household energy use affect crude oil price volatility is… [+47802 chars]",Finance
2025-02-01T01:18:25Z,"Budget 2025 Key Highlights & Updates, Union Budget 2025 Outcomes, New Income Tax Slab Announcements: Here’s all the updates from the Union Budget presented in the Parliament by Finance Minister Nirmala Sitharaman. Find all updates in income tax rates and slab…","<li></li>
February 01, 2025 17:21Budget 2025 Live Updates: M V Rao, Chairman, Indian Banks Association (IBA) &amp; Managing Director &amp; CEO, Central Bank of India, on the Union Budget
Union Budg… [+220472 chars]",Finance
